<?xml version="1.0" encoding="UTF-8"?>
<beans:beans xmlns="http://www.springframework.org/schema/security"
	xmlns:beans="http://www.springframework.org/schema/beans" 
	xmlns:xsi="http://www.w3.org/2001/XMLSchema-instance"
	xsi:schemaLocation="http://www.springframework.org/schema/beans
	http://www.springframework.org/schema/beans/spring-beans.xsd
	http://www.springframework.org/schema/security
	http://www.springframework.org/schema/security/spring-security.xsd">
       
      
 <!-- enable use-expressions -->
	<http auto-config="true" use-expressions="true">
		            
		<intercept-url pattern="/index" access="hasRole('ROLE_USER')" />
		<intercept-url pattern="/products" access="hasRole('ROLE_USER')" />
		<intercept-url pattern="/single" access="hasRole('ROLE_USER')" />
		<intercept-url pattern="/checkout" access="hasRole('ROLE_USER')" /> 
		<!-- access denied page -->
		<access-denied-handler error-page="/403" />
		
		<form-login 
		    login-page="/login" 
		    default-target-url="/products" 
			authentication-failure-url="/login" 
			login-processing-url="/j_spring_security_check"
			username-parameter="fname"
			password-parameter="password" />
		<logout logout-success-url="/"  />
		<!-- enable csrf protection -->
		<csrf disabled="true"/>
	</http>
	
	<!-- Select users and user_roles from database -->
	<authentication-manager>
	  <authentication-provider>
		<jdbc-user-service data-source-ref="dataSource"
		  users-by-username-query=
		    "select fname,password, enabled from ProdModel where fname=?"
		  authorities-by-username-query=
		    "select fname, role from ProdModel where fname =?  " />
	  </authentication-provider>
	</authentication-manager>

</beans:beans>